<manifest alg="2" build="2015.2.1.352" opt="true" iceEnabled="true" iceMarkupVersion="2" iceEnabledOptions="link,responsive" exportTarget="other" domain="projectcirrus.stream" resolutions="1x" timestamp="1476169713930">
  <folder name="css">
    <file name="site_global.css" crc="3916556066"/>
    <file name="index.css" crc="432639492" ref="index"/>
    <file name="player.css" crc="442626691" ref="player"/>
  </folder>
  <folder name="scripts">
    <file name="jquery-1.8.3.min.js" crc="169078940" ref="index:player"/>
    <file name="museutils.js" crc="3851988764" ref="index:player"/>
    <file name="whatinput.js" crc="86476730" ref="index:player"/>
    <file name="museconfig.js" crc="169177150" ref="index:player"/>
    <file name="pie.js" crc="3831537696" ref="index"/>
    <file name="jquery.musepolyfill.bgsize.js" crc="271560940" ref="index"/>
    <file name="jquery.watch.js" crc="3842844514" ref="index:player"/>
    <file name="webpro.js" crc="4067903014" ref="index"/>
    <file name="musewpslideshow.js" crc="4265225696" ref="index"/>
    <file name="jquery.museoverlay.js" crc="4075157096" ref="index"/>
    <file name="touchswipe.js" crc="474750357" ref="index"/>
    <file name="require.js" crc="4108833657" ref="index:player"/>
  </folder>
  <folder name="images">
    <file name="u152-grad.png" crc="4169809158" ref="index"/>
    <file name="blank.gif" crc="4208392903" ref="index"/>
    <file name="pexels-photo-large.jpg" crc="4124133708" ref="index"/>
    <file name="pexels-photo-29781-large.jpg" crc="12368789" ref="index"/>
    <file name="landscape-nature-clouds-cloudy.jpg" crc="3872063557" ref="index"/>
    <file name="u1779-4.png" crc="512586244" ref="index"/>
    <file name="11-u3124-fr.png" crc="351472233" ref="index"/>
    <file name="u6052-4.png" crc="438300043" ref="index"/>
    <file name="u6063-4.png" crc="260794920" ref="index"/>
    <file name="project-cirrus.svg" crc="3994157419" seo="true" ref="player"/>
    <file name="project cirrus_poster_.png" crc="155149194" ref="player"/>
  </folder>
  <file name="index.html" crc="465464236" seo="true" mt="1476169692148" redirect="true"/>
  <file name="player.html" crc="148964545" seo="true" mt="1475661200754" redirect="true"/>
</manifest>